create database ventas;
use ventas;

create table categoria( 
id_categoria int auto_increment, 
nombre varchar(50) not null ,
primary key ( id_categoria )
 );
 
 create table vendedor(
  id_vendedor int auto_increment,
  nombre varchar(100) not null,
  primary key ( id_vendedor )
 
 );
 
 create table cliente(
 id_cliente int auto_increment,
 nombre varchar(100) not null,
 cedula varchar(20) not null unique,
 telefono varchar(15) not null,
 primary key (id_cliente)
 );
 
 create table producto(
 id_producto int auto_increment,
 nombre varchar(100) not null,
 precio decimal(10,2) not null,
 id_categoria int not null,
 primary key( id_producto ),
 foreign key (id_categoria) references categoria(id_categoria)
 );
 
 create table venta ( 
 id_venta int auto_increment,
 fecha date not null,
 id_cliente int not null,
 id_vendedor int not null,
 foreign key (id_cliente) references cliente(id_cliente),
 foreign key (id_vendedor) references vendedor(id_vendedor),
 primary key (id_venta)
 );
 
 
 create table detalle_venta ( 
 id_detalle_venta int  auto_increment,
 cantidad int not null,
 id_venta int not null,
 id_producto int not null,
 foreign key (id_venta) references venta(id_venta),
 foreign key (id_producto) references producto(id_producto),
 primary key (id_detalle_venta)
 );
 
 insert into  categoria (nombre) values 
('Accesorios'),
('Almacenamiento'),
('Computadores'),
('Impresión'),
('Monitores');

insert into vendedor (nombre) values 
('Carlos Gómez'),
('Diana Torres'),
('Javier León'),
('Mónica Ruiz'),
('Pedro Sánchez');

INSERT INTO cliente (nombre, cedula, telefono) VALUES
  ('Luis Torres', '1067890123', '3005556677'),
  ('Camilo Díaz', '1101234567', '3011112233'),
  ('Carlos Rodríguez', '1045678901', '3003334455'),
  ('Jorge Ramírez', '1123456789', '3013334455'),
  ('Miguel Cárdenas', '1167890123', '3017778899'),
  ('Juliana Acosta', '1178901234', '3018889900'),
  ('Juan Pérez', '1023456789', '3001112233'),
  ('Natalia Silva', '1156789012', '3016667788'),
  ('Paula Moreno', '1134567890', '3014445566'),
  ('Valentina Rojas', '1090123456', '3008889900'),
  ('Sara Hernández', '1212345678', '3024445566'),
  ('Laura Mendoza', '1112345678', '3012223344'),
  ('Andrés Castro', '1089012345', '3007778899'),
  ('María Gómez', '1034567890', '3002223344'),
  ('Daniela Ruiz', '1190123456', '3022223344'),
  ('Kevin López', '1201234567', '3023334455'),
  ('Ana Martínez', '1056789012', '3004445566'),
  ('Felipe Gómez', '1189012345', '3021112233');
  
  
  INSERT INTO producto (nombre, precio, id_categoria) VALUES
  ('Monitor Samsung 24', 850000, 5),
  ('Laptop Asus', 3200000, 3),
  ('Disco SSD 1TB', 350000, 2),
  ('Monitor LG 27', 1200000, 5),
  ('Memoria USB 64GB', 45000, 2),
  ('Mouse Logitech', 80000, 1),
  ('Impresora Epson', 650000, 4),
  ('Teclado Redragon', 180000, 1),
  ('SSD 512GB', 220000, 2),
  ('Laptop HP', 2800000, 3),
  ('Laptop Lenovo', 2500000, 3),
  ('Teclado Mecánico', 250000, 1);
  
  
  INSERT INTO venta (id_venta, fecha, id_cliente, id_vendedor) VALUES
  (1001, '2026-04-13', 1, 1),
  (1002, '2026-01-19', 2, 4),
  (1003, '2026-01-05', 3, 5),
  (1004, '2026-03-26', 4, 4),
  (1005, '2026-03-20', 5, 3),
  (1006, '2026-04-09', 1, 2),
  (1007, '2026-04-24', 5, 3),
  (1008, '2026-04-17', 5, 3),
  (1009, '2026-03-17', 6, 2),
  (1010, '2026-04-17', 7, 2),
  (1011, '2026-03-29', 5, 1),
  (1012, '2026-01-03', 4, 5),
  (1013, '2026-01-09', 8, 2),
  (1014, '2026-03-30', 6, 3),
  (1015, '2026-01-29', 9, 3),
  (1016, '2026-01-05', 10, 4),
  (1017, '2026-01-14', 11, 5),
  (1018, '2026-01-01', 4, 4),
  (1019, '2026-03-08', 12, 2),
  (1020, '2026-02-19', 13, 5),
  (1021, '2026-01-18', 14, 2),
  (1022, '2026-01-11', 6, 5),
  (1023, '2026-02-14', 3, 3),
  (1024, '2026-02-22', 14, 4),
  (1025, '2026-01-05', 15, 5),
  (1026, '2026-01-19', 2, 4),
  (1027, '2026-01-14', 4, 5),
  (1028, '2026-03-17', 16, 5),
  (1029, '2026-04-03', 14, 4),
  (1030, '2026-04-12', 12, 1),
  (1031, '2026-04-21', 13, 2),
  (1032, '2026-04-01', 8, 2),
  (1033, '2026-03-11', 5, 5),
  (1034, '2026-02-11', 14, 3),
  (1035, '2026-01-02', 16, 1),
  (1036, '2026-01-24', 17, 3),
  (1037, '2026-03-25', 18, 4),
  (1038, '2026-03-24', 18, 5),
  (1039, '2026-01-30', 6, 3),
  (1040, '2026-05-01', 10, 1);
  
  
  INSERT INTO detalle_venta (id_venta, id_producto, cantidad) VALUES
  (1001, 1, 4),
  (1001, 2, 4),
  (1002, 3, 5),
  (1002, 4, 5),
  (1002, 5, 4),
  (1002, 6, 4),
  (1003, 4, 1),
  (1003, 1, 3),
  (1003, 3, 3),
  (1003, 7, 5),
  (1004, 5, 2),
  (1004, 8, 3),
  (1005, 1, 3),
  (1005, 9, 3),
  (1006, 8, 4),
  (1006, 10, 4),
  (1006, 2, 2),
  (1006, 6, 1),
  (1007, 10, 2),
  (1007, 6, 2),
  (1007, 3, 3),
  (1008, 4, 5),
  (1008, 8, 2),
  (1008, 11, 5),
  (1009, 11, 4),
  (1009, 5, 3),
  (1009, 12, 1),
  (1009, 10, 4),
  (1010, 2, 5),
  (1010, 7, 5),
  (1011, 4, 4),
  (1011, 12, 1),
  (1011, 9, 2),
  (1011, 8, 3),
  (1012, 4, 4),
  (1012, 2, 1),
  (1012, 3, 2),
  (1013, 12, 1),
  (1013, 10, 3),
  (1013, 9, 4),
  (1014, 3, 4),
  (1014, 1, 1),
  (1014, 5, 1),
  (1015, 2, 2),
  (1015, 11, 4),
  (1015, 7, 3),
  (1016, 7, 2),
  (1016, 4, 2),
  (1016, 11, 1),
  (1017, 12, 1),
  (1017, 11, 3),
  (1017, 10, 5),
  (1017, 2, 3),
  (1018, 1, 2),
  (1018, 7, 5),
  (1019, 9, 5),
  (1019, 1, 3),
  (1019, 4, 3),
  (1020, 3, 2),
  (1020, 8, 1),
  (1021, 1, 4),
  (1021, 3, 2),
  (1021, 2, 4),
  (1021, 6, 4),
  (1022, 12, 3),
  (1022, 5, 2),
  (1022, 2, 3),
  (1023, 12, 1),
  (1023, 9, 2),
  (1023, 6, 1),
  (1024, 4, 2),
  (1024, 5, 4),
  (1024, 11, 3),
  (1025, 1, 2),
  (1025, 4, 5),
  (1026, 7, 2),
  (1026, 12, 1),
  (1027, 4, 5),
  (1027, 7, 5),
  (1028, 4, 5),
  (1028, 12, 1),
  (1028, 7, 4),
  (1029, 5, 1),
  (1029, 8, 1),
  (1029, 7, 4),
  (1029, 10, 2),
  (1030, 2, 1),
  (1030, 3, 4),
  (1030, 1, 4),
  (1031, 9, 4),
  (1031, 12, 5),
  (1031, 8, 5),
  (1032, 4, 2),
  (1032, 12, 2),
  (1032, 2, 5),
  (1033, 7, 2),
  (1033, 10, 5),
  (1034, 5, 1),
  (1034, 11, 5),
  (1034, 6, 4),
  (1034, 7, 2),
  (1035, 3, 5),
  (1035, 4, 5),
  (1035, 9, 1),
  (1035, 2, 1),
  (1036, 1, 3),
  (1036, 10, 2),
  (1037, 2, 4),
  (1037, 4, 5),
  (1038, 8, 5),
  (1038, 3, 2),
  (1038, 6, 4),
  (1039, 9, 3),
  (1039, 8, 1),
  (1040, 5, 3),
  (1040, 3, 5),
  (1040, 10, 1),
  (1040, 12, 4);

